Model,R²,MAE,RMSE
Raw Price,0.7771427847374436,95510.78301604351,203277.87076960035
Log-Transformed,0.7690939008358979,93604.73056071402,206916.18169587143
